6.48701E+17	Downhill after Halloween #AutumnIn3Words @midnight	1
6.48979E+17	ERMAHGERD PEHRMKIN SPERCE!!! #AutumnIn3Words @midnight	0
6.48703E+17	New NBC Cancellations @midnight #AutumnIn3Words	2
6.48701E+17	Winter's pretty sister  #AutumnIn3Words @midnight	1
6.48702E+17	Netflix and chill \U0001f609 #AutumnIn3Words @midnight	1
6.48701E+17	Leaf me alone  #AutumnIn3Words @midnight	1
6.48997E+17	Nothing but weddings. #AutumnIn3Words @midnight 	0
6.48987E+17	@midnight fucking yard work #AutumnIn3Words	0
6.48756E+17	@midnight Hometown Thanksgiving sex #AutumnIn3Words	1
6.48998E+17	@midnight #AutumnIn3Words Finally, Sweater Time	0
6.48992E+17	@midnight , Uncle John's Turducken... #AutumnIn3Words	0
6.48701E+17	Fall's Bourgeois Name #AutumnIn3Words @midnight	1
6.48978E+17	No More Bikini's :( #AutumnIn3Words  @midnight	0
6.48974E+17	Pumpkin Spice Everything.  @midnight #AutumnIn3Words	0
6.49001E+17	#AgentsofSHIELD #AutumnIn3Words @midnight	0
6.48997E+17	@midnight Pumpkin Spice bullshit #AutumnIn3Words	0
6.48988E+17	Eat more pie #AutumnIn3Words @midnight @nerdist	0
6.48998E+17	@midnight #AutumnIn3Words SF Can't Has	0
6.48974E+17	Feral sweater people #AutumnIn3Words @midnight	0
6.48998E+17	When September Ends #AutumnIn3Words  @midnight	0
6.48702E+17	Rake and bake! @midnight #AutumnIn3Words	1
6.48998E+17	Temperature below 90 #AutumnIn3Words @midnight #Florida	0
6.48975E+17	@midnight girls size questionable #AutumnIn3Words	0
6.48987E+17	Still fucking single #AutumnIn3Words @midnight @nerdist	0
6.48998E+17	@midnight Mustaches Hijacked Novels #AutumnIn3Words	0
6.48974E+17	@midnight #AutumnIn3Words NOT YET CHRISTMAS!	0
6.4898E+17	Strip teasing trees. #AutumnIn3Words @midnight	0
6.48979E+17	"@midnight I missed #AutumnIn3Words? Shit! ""White Girl Heaven"""	0
6.48731E+17	Scarecrow Fetishist Awareness #AutumnIn3Words @midnight	1
6.48993E+17	Pumpkin spice pumpkins #AutumnIn3Words @midnight	0
6.48979E+17	Han Solo season #AutumnIn3Words @midnight	0
6.48999E+17	@midnight #AutumnIn3Words No More Mowing	0
6.48988E+17	Christmas list starts #AutumnIn3Words @midnight @nerdist	0
6.48984E+17	#AutumnIn3Words California's Second Summer @midnight	0
6.48702E+17	Leaves with attitude. #AutumnIn3Words @midnight	1
6.95361E+17	@hardwick hosts @midnight in Spoonerism #BadKICKSTARTERin5Words	0
6.95348E+17	#BadKICKSTARTERin5Words Donald Trump Mexican Pride Parade @midnight	0
6.95347E+17	The Chimpanzee Summoning Banana Hammock #BadKickstarterIn5Words @midnight	0
6.95343E+17	Spring Loaded Spiked Dildo Gloves #BadKickstarterIn5Words @midnight	0
6.95343E+17	@midnight #badkickstarterin5words Help me amend the constitution	0
6.9534E+17	@midnight Ingrediants for Road Kill Stew #BadKickstarterIn5Words	0
6.95341E+17	A Honey Boo Boo Reboot #badkickstarterin5words @midnight	0
6.9534E+17	I'm Running For GOP Nomination! #badkickstarterin5words @midnight	0
6.95343E+17	#badkickstarterin5words @midnight Inventing boyfriend for Taylor Swift	0
6.95151E+17	Guy Fieri themed vegan restaurant #BadKickstarterIn5Words @midnight	1
6.95345E+17	@midnight #BadKickstarterIn5Words Donald trump Real sex doll.	0
6.95138E+17	Snapchat for your Parents Friends  #BadKickstarterIn5Words @midnight	1
6.95362E+17	Lead based gluten free pasta #BadKickstarterIn5Words @midnight	0
6.95342E+17	Battlefield Earth II - Mother Hubbard #badkickstarterin5words @midnight	0
6.9534E+17	@midnight #BadKickstarterIn5Words Buy @MartinShkreli's New Drug! #PointsMe	0
6.95102E+17	All natural straw hoverboard cases. #BadKickstarterIn5Words @midnight	1
6.9534E+17	@midnight #BadKickstarterIn5Words NASA Sends Kids into Space #PointsMe	0
6.95347E+17	Kanye West for new Doctor #BadKickstarterIn5Words @midnight	0
6.95348E+17	#BadKickstarterIn5Words @midnight    Barrack Obama one more term	0
6.95357E+17	@midnight A Jenny McCarthy Childrens Hospital #BadKickstarterIn5Words	0
6.95102E+17	Feed the Children... to Lions #BadKickstarterIn5Words @midnight	2
6.95355E+17	"@midnight #BadKickstarterIn5Words Trump Mart ""For All Your Discriminatory Need"""	0
6.95353E+17	#BadKickstarterIn5Words Assault Chris Hardwick with Jizz @midnight	0
6.95341E+17	@midnight #BadKickstarterIn5Words B!tch Betta Have My Money	0
6.95352E+17	Reading this? It's too late. #BadKICKSTARTERin5Words @midnight	0
6.95351E+17	0% funded. #BadKickstarterIn5Words @midnight @GavinFree https://t.co/7H8mlD9RFJ https://t.co/NUbgrUysuE	0
6.9534E+17	@midnight #BadKickstarterIn5Words Unicycles Made From Recycled Unicycles	0
6.95345E+17	@midnight #badkickstarterin5words Twitter word counter to keep me from going over five words not counting hashtags	0
6.95349E+17	Meth based beverages and foods #BadKickstarterIn5Words @midnight	0
6.95357E+17	Recycled Toilet-Paper Facial Tissues @midnight #BadKickstarterIn5Words #A2M	0
6.95137E+17	Dictionary of Sarah Palin phrases #BadKickstarterIn5Words @midnight	1
6.9512E+17	#BadKickstarterIn5Words Gilbert Gottfried reads all audiobooks @midnight	1
6.95362E+17	@midnight #BadKickstarterIn5Words Jared Fogle's Free Candy Charity	0
6.95341E+17	@midnight #BadKickstarterIn5Words Cancer Kills Deadpool, Needs Burial #PointsMe	0
6.95143E+17	Jar Jar Binks Video Game #BadKickstarterIn5Words @midnight	1
6.95133E+17	Smash Mouth Covers The Beatles #BadKickstarterIn5Words @midnight	1
6.9534E+17	The Ratzinger School for Children #badkickstarterin5words @midnight	0
6.95356E+17	Recycled Mustache proof facial tissues @midnight #BadKickstarterIn5Words	0
6.95352E+17	#BadKickstarterIn5Words @midnight  Just me. I need money	0
6.9534E+17	I'm Havin' A Baby Ya'll! #badkickstarterin5words @midnight	0
6.95345E+17	Chris Hardwick anime body pillow #BadKickstarterIn5Words  @midnight	0
6.95357E+17	#BadKickstarterIn5Words Hipster look of the month @midnight	0
6.95107E+17	Pants that double as contraceptives @midnight #BadKICKSTARTERin5Words	1
6.95339E+17	@midnight #BadKickstarterIn5Words Kardashian Family College Tuition Fund #PointsMe	0
6.95102E+17	Gummy birth control for kids #BadKickstarterIn5Words @midnight	1
6.95342E+17	@midnight #BadKickstarterIn5Words Cruelty Free Designer Mom Jeans	0
6.95342E+17	@midnight #badkickstarterin5words I'm developing an artificial appendix	0
6.95342E+17	Trivial Pursuit GOP Candidate Edition #BadKickstarterIn5Words @midnight	0
6.95349E+17	Calendar @hardwick and my pets. #BadKICKSTARTERin5Words @midnight https://t.co/7a21ot2ZXU	0
6.95356E+17	"@midnight #BadKickstarterIn5Words Doug Benson's ""Plant"" Store"	0
6.95343E+17	Make a new Adolph Hitler #BadKickstarterIn5Words @midnight	0
6.95355E+17	Help Donald Trump Buy America #BadKickstarterIn5Words @midnight	0
7.07263E+17	...please clap. Please. #BadSexIn3Words @midnight	0
7.07269E+17	#badsexin3words cash or charge @midnight	0
7.07273E+17	She's imagining Trump #BadSexIn3Words @midnight	0
7.07272E+17	@midnight Three inches. Twice. #BadSexin3Words	0
7.07266E+17	@midnight #BadSexIn3Words Assisted Living Neighbor	0
7.07263E+17	Barn Yard Bukkake #BadSexIn3Words @midnight	0
7.07267E+17	Got poop dick @midnight #badsexin3words	0
7.07275E+17	OK. Hurry up. #BadSexIn3Words @midnight	0
7.07274E+17	Walker giving head @midnight #BadSexIn3Words	0
7.07267E+17	#BadSexIn3Words @midnight Turn over Sis!	0
7.07275E+17	Just Jianking Baby #BadSexIn3Words @midnight	0
7.07276E+17	Katie's Crotch Rodeo #BadSexIn3Words @midnight	0
7.07271E+17	@midnight is that it? #badsexin3words	0
7.07277E+17	Auto erotic asphyxiation @midnight #BadSexin3Words	0
7.07268E+17	Shouldn't it grow? #BadSexIn3Words @midnight	0
7.07273E+17	It's friggin' hyuge... #BadSexIn3Words @midnight #PointsMe	0
7.07268E+17	#badsexin3words too many condoms @midnight	0
7.07265E+17	@midnight Killed the baby. #BadSexin3Words	0
7.07271E+17	Richard Kind, Anal. #BadSexIn3Words @midnight	0
7.07275E+17	Yeah, I guess.  #BadSexIn3Words @midnight	0
7.07269E+17	.@quadz08 @midnight The OTHER hole. #BadSexIn3Words 	0
7.07269E+17	Republican contenders three-way #BadSexIn3Words @midnight	0
7.07263E+17	@midnight First Mass, eh? #BadSexin3Words	0
7.07272E+17	@midnight Dead lay. Literally. #badsexin3words	0
7.07266E+17	Ouch, oops, sorry  #BadSexIn3Words! @midnight	0
7.07271E+17	uses marital AIDS #BadSexIn3Words @midnight	0
7.07264E+17	@midnight sinus clearing odor. #BadSexin3Words	0
7.07276E+17	#BadSexIn3Words Malfunctioning sex robot @midnight	0
7.07269E+17	Completely dissatisfied customer #BadSexIn3Words @midnight	0
7.07272E+17	Anything with math problems #BadSexIn3Words @midnight	0
7.07265E+17	That'll be $250 #BadSexIn3Words @midnight	0
7.07274E+17	"I'm Gary Busey...  Or...  ""WOW!  Amazon Prime!""  #BadSexIn3Words @midnight #PointsMe"	0
7.0727E+17	Trump hot Carl @midnight  #BadSexIn3Words	0
7.07272E+17	Trans penis bigger #BadSexIn3Words @midnight	0
7.07277E+17	Ignore the warts @midnight #badsexin3words	0
7.07271E+17	@midnight While you slept. #BadSexIn3Words	0
7.07265E+17	@midnight Micro Penis Syndrome #BadSexIn3Words	0
7.07269E+17	#badsexin3words paper or plastic @midnight	0
7.07269E+17	@midnight With my wife. #BadSexin3Words	0
7.07263E+17	Realdoll has headache. #BadSexIn3Words @midnight	0
7.07265E+17	@midnight Humped my leg. #BadSexIn3Words	0
7.07273E+17	@midnight that was it? #badsexin3words	0
7.07273E+17	@midnight #badsexin3words Donald Trump President	0
7.07268E+17	@Midnight where's the beef? #Badsexin3words	0
7.07269E+17	@midnight Japan Vs. Germany #badsexin3words	0
7.07267E+17	Orgasms or seizures @midnight #badsexin3words	0
7.07271E+17	@mskimmyd85 @midnight bring the meathooks #BadSexin3Words	0
7.07268E+17	#BadSexIn3Words @midnight ... with Ted Cruz	0
7.07263E+17	@midnight Lost the bet. #BadSexin3Words	0
7.07274E+17	Sober daytime anal. @midnight #BadSexIn3Words	0
7.07274E+17	#BADSEXIN3words @midnight      Stop it Dad.	0
7.07266E+17	@midnight Couldn't really tell.  #BadSexin3Words	0
7.07272E+17	Lost a nipple  #badsexin3words @midnight	0
7.07263E+17	Where's my mommy?  #badsexin3words @midnight	0
7.07271E+17	@midnight just like dad #BadSexIn3Words	0
7.0727E+17	@midnight athletes foot fetish #badsexin3words	0
7.07274E+17	Obamacare covers abortion  #BadSexIn3Words @midnight	0
7.07273E+17	Tonight, on COPS... #BadSexIn3Words @midnight #PointsMe	0
7.07272E+17	Lemon Party invite #BadSexIn3Words @midnight	0
7.07273E+17	Burger King bathroom #BadSexIn3Words @midnight	0
7.07266E+17	@midnight #badsexin3words still wrong hole.	0
7.07268E+17	#badsexin3words on death bed @midnight	0
7.07267E+17	#BadSexIn3Words @midnight Where's that cup?	0
7.07272E+17	#BadSexIn3Words Lost handcuff keys @midnight #PointsMe	0
7.07269E+17	Wanna watch @midnight #BadSexIn3Words @midnight	0
7.07264E+17	All the orifices! @midnight #BadSexIn3Words	0
7.07269E+17	My Left Foot @midnight #BadSexIn3Words	0
7.07274E+17	@midnight mustignorevoices #BadSexIn3Words	0
7.07268E+17	Probably shouldn't burn #BadSexIn3Words @midnight	0
7.07274E+17	@midnight #BadSexIn3Words not that hole.	0
7.07266E+17	Gone Girl finish @midnight #badsexin3words	0
7.07269E+17	Zippity Bop Badoop (in a Cosby voice)  #Badsexin3words @midnight	0
7.07272E+17	Cozy Bathroom stall #BadSexIn3Words @midnight	0
7.07272E+17	Robert Durst Burping #BadSexIn3Words @midnight	0
7.07272E+17	Is it in? #BadSexIn3Words @midnight	0
7.07273E+17	@midnight unscheduled butt stuff #badsexin3words #UFIA	0
7.07271E+17	Let's stay friends  #badsexin3words @midnight	0
7.0727E+17	#BadSexIn3Words Uh Oh Mom! @Midnight	0
7.07267E+17	Sorry, nodded off! @midnight #badsexin3words	0
7.07273E+17	Drink up baby... #BadSexIn3Words @midnight https://t.co/jjuNfe20G3	0
7.07263E+17	@midnight #BadSexIn3Words not in there	0
7.07273E+17	Hold my cigar... #BadSexIn3Words @midnight https://t.co/iDx6PCbcdT	0
7.07271E+17	Eyes water first #BadSexIn3Words @midnight	0
7.07271E+17	Small Trump Hands #BadSexIn3Words @midnight	0
7.07266E+17	Fart in 69 @midnight #badsexin3words	0
7.07267E+17	No, MY left...  #BadSexIn3Words @midnight	0
7.07264E+17	#BadSexIn3Words yells ex-boyfriend's name @midnight	0
7.0727E+17	Ignore the drool  #badsexin3words @midnight	0
7.07273E+17	Jason Robert Conley #BadSexIn3Words @midnight	0
7.07276E+17	#BadSexIn3Words @midnight  Flop Sweat Wet-Spot	0
7.07272E+17	Trump tramp stamp #BadSexIn3Words @midnight	0
7.07266E+17	@midnight Bad doggie!  Bad!!!! #BadSexIn3Words	0
7.07269E+17	@midnight  Six inch clitoris. #badSexIn3Words	0
7.07263E+17	@midnight THE Chris Hardwick? #BadSexIn3Words	0
7.07265E+17	That wasn't me #BadSexIn3Words @midnight	0
7.07276E+17	#BadSexIn3Words @midnight  Wants Deposit Back	0
7.07266E+17	@midnight Penn State coach. #BadSexIn3Words	0
7.0727E+17	@midnight During the commercials. #BadSexin3Words	0
7.07276E+17	Bunshin no Jutsu!  #BadSexIn3Words @midnight #PointsMe	0
7.07268E+17	Small dysfunctional caucus #BadSexIn3Words @midnight #welcometothepanderdome	0
7.07269E+17	Drought stricken vagina #BadSexIn3Words @midnight #climatechangeisreal	0
7.07277E+17	@midnight It's my birthday #BadSexIn3Words	0
7.07265E+17	Batman's taint sweat. #BadSexin3words @midnight	0
7.07265E+17	STD Collection Complete #BadSexIn3Words @midnight	0
7.07274E+17	"Kanye in ""zone"" #BadSexIn3Words @midnight #PointsMe"	0
7.07265E+17	#BadSexIn3Words Are you done? @midnight	0
7.07271E+17	#badsexin3words @midnight Insert nozzle here	0
7.07272E+17	@midnight spit on me #BadSexIn3Words	0
7.07273E+17	@midnight  *rip* uh oh #badsexin3words	0
7.07265E+17	Ended in pregnancy #badsexin3words @midnight	0
7.07268E+17	#badsexin3words started without me @midnight	0
7.07272E+17	Threesome minus two #BadSexIn3Words @midnight	0
7.0727E+17	@midnight The Threes Spooges #badsexin3words	0
7.07276E+17	Ben Carson Seranade #BadSexIn3Words  @midnight	0
7.07269E+17	@mskimmyd85 No, OTHER hole. @midnight #BadSexIn3Words	0
7.07264E+17	@midnight Mom's Tupperware Party #BadSexin3Words	0
7.07272E+17	@midnight Trump: It's yuuuuuuge. #badsexin3words	0
7.07276E+17	My apartment.  Zima.  #BadSexIn3Words @midnight #PointsMe	0
7.07277E+17	I'm Kyle Kinane #BadSexIn3Words @midnight	0
7.07275E+17	@midnight  Jello pudding pop?   #badsexin3words	0
7.07262E+17	@midnight Get the ice. #BadSexin3Words	0
7.07268E+17	No thanks Cruz #BadSexIn3Words @midnight	0
7.07272E+17	Is that superglue? #BadSexIn3Words @midnight	0
7.07276E+17	Justin and Justin #BadSexIn3Words @midnight	0
7.07274E+17	Klingon pillow talk @midnight #BadSexIn3Words	0
7.07267E+17	Lost anal bead.... #BadSexIn3Words @midnight	0
7.07271E+17	"@midnight Can't do ""deeper"". :-( #BadSexin3Words"	0
7.07263E+17	Trump bangs daughter #BadSexIn3Words @midnight	0
7.07275E+17	What's that smell?  @midnight #BadSexIn3Words	0
7.07267E+17	@midnight Safe word: Trump #BadSexIn3Words	0
7.07265E+17	@midnight Missed the hole. #BadSexIn3Words	0
7.07273E+17	#BadSexIn3Words Booby Drum Solo  @midnight https://t.co/tZRnTs6vJ8	0
7.07271E+17	Starts with prayer #BadSexIn3Words @midnight	0
7.07276E+17	Banksy political statement  #BadSexIn3Words @midnight	0
7.07062E+17	You Hear Banjos? #BadSexIn3Words @midnight	1
7.07072E+17	so many spiders #BadSexIn3Words @midnight	1
7.07064E+17	That'll do pig #BadSexIn3Words @midnight	1
7.07061E+17	Why's that oozing? #BadSexIn3Words @midnight	1
7.07066E+17	"Toy went ""missing"" #BadSexIn3Words @midnight"	1
7.07064E+17	#badsexin3words mid coitus fisticuffs @midnight	1
7.07064E+17	Excessive Jazz Hands #BadSexIn3Words @midnight	1
7.07069E+17	Your almost their #BadSexIn3Words @midnight	1
7.07064E+17	Dog watches intently. #BadSexIn3Words @midnight	1
7.07077E+17	Terms and Conditions #BadSexIn3Words @midnight	2
6.54688E+17	@midnight Prawn Sea Reilly #OceanCelebs	0
6.54678E+17	Salmon L. Jackson #OceanCelebs @midnight	0
6.54691E+17	#oceancelebs @midnight  Spongebobby Deniro	0
6.54682E+17	Stingie Ray Vaughan #OceanCelebs @midnight	1
6.54691E+17	#oceancelebs @midnight  SKate Upton	0
6.54688E+17	Winona Wave Ryder  #OceanCelebs @midnight	0
6.54678E+17	Jessica Albacore #OceanCelebs @midnight	0
6.5469E+17	Lance SeaBass  #OceanCelebs @midnight	0
6.54681E+17	Shark Wahlberg #OceanCelebs @midnight	0
6.54525E+17	Kelpsey grammar #OceanCelebs @midnight	1
6.54677E+17	Mark Narwhalburg. @midnight #OceanCelebs	0
6.54676E+17	Betta Midler @midnight #OceanCelebs	0
6.54691E+17	#oceancelebs @midnight Manta Ray Romano	0
6.54681E+17	#OceanCelebs... Scuba Gooding Jr... @midnight	0
6.54682E+17	SeaQuestlove #OceanCelebs @midnight	0
6.54682E+17	Tom Cruise ship #OceanCelebs @midnight	0
6.54676E+17	Rae Prawn Chong #OceanCelebs @midnight	0
6.54686E+17	Sharkira   #OceanCelebs @midnight	0
6.54687E+17	Minnie Pearldiver #OceanCelebs @midnight	0
6.54681E+17	Red Scallop (of the seagulls Gertrude &amp; Heathcliff fame)  #OceanCelebs @midnight	0
6.54678E+17	Fin-nard Nim-oyster  @midnight #OceanCelebs	0
6.54692E+17	Vince Gill #OceanCelebs @midnight	0
6.54693E+17	@midnight #OceanCelebs Barbara Whaleters	0
6.54674E+17	Maury Eel @midnight  #OceanCelebs	0
6.54675E+17	Lordefish @midnight #OceanCelebs	0
6.54499E+17	Aimee Mannatee #OceanCelebs @midnight	1
6.54687E+17	@midnight Eel Gaiman #OceanCelebs	0
6.54676E+17	Coral Hershiser #OceanCelebs @midnight	0
6.54691E+17	@midnight Jackie Pearl Haley #OceanCelebs	0
6.54685E+17	Whitney Chummings #OceanCelebs @midnight	0
6.54686E+17	Fluke Wilson #OceanCelebs @midnight	0
6.54679E+17	ASea/DSea  @midnight  #OceanCelebs	0
6.54676E+17	Blu-Tang Clan #OceanCelebs @midnight	0
6.54684E+17	Buoyanc Knowles   #OceanCelebs @midnight	0
6.54684E+17	@midnight #OceanCelebs sting ray	0
6.5468E+17	Natalie Wood, is that too twisted? @hardwick #OceanCelebs @midnight http://t.co/H2KneqefOl	0
6.5469E+17	Ben AfFluke  #OceanCelebs @midnight	0
6.54688E+17	Sandra Pollock #OceanCelebs @midnight	0
6.54679E+17	Steve coral #OceanCelebs @midnight	0
6.54676E+17	Theodore Sturgeon. #OceanCelebs @midnight	0
6.54678E+17	Injun Joe Ocean  #OceanCelebs @midnight	0
6.5468E+17	"Walrus White from ""Breaking Waves""  #OceanCelebs @midnight"	0
6.54686E+17	Chumming Tatum #OceanCelebs @midnight	0
6.54678E+17	#OceanCelebs @midnight Rachel Manta Ray	0
6.54677E+17	@midnight Marlin Brando #OceanCelebs	0
6.54678E+17	Atlantis Morissette  #OceanCelebs @midnight	1
6.54686E+17	SpongeBob Saget  #OceanCelebs @midnight	0
6.545E+17	Chris Harborwick #OceanCelebs @midnight	1
6.54684E+17	Gill-Bert Gottfried #OceanCelebs @midnight @RealGilbert	0
6.54684E+17	Robert Plankton   #OceanCelebs @midnight	0
6.54681E+17	Lara fin Boyle #OceanCelebs @midnight	0
6.54688E+17	DriftWoody Harrelson  #OceanCelebs @midnight	0
6.54689E+17	#OceanCelebs Leonardo DeCARPrio @midnight	0
6.54686E+17	Reefer Sutherland   #OceanCelebs @midnight	0
6.54678E+17	Halibut Sparks @halsparks  #OceanCelebs @midnight	0
6.54678E+17	#OceanCelebs @midnight Frank Ocean.	0
6.54685E+17	Mackerelmore  @midnight #OceanCelebs	0
6.54687E+17	@midnight George Eels #OceanCelebs	0
6.54689E+17	@eliothochberg @midnight Greg Trout #OceanCelebs	0
6.54694E+17	@midnight Kanye West Indian Company  #OceanCelebs	0
6.54686E+17	Leonardo DiCarprio #OceanCelebs @midnight	0
6.54681E+17	CCH Flounder  #OceanCelebs @midnight	0
6.54686E+17	M.C. Hammerhead.#OceanCelebs @midnight	0
6.54689E+17	#OceanCelebs Billy Sea Williams @midnight	0
6.54683E+17	Steven Sealberg.#OceanCelebs @midnight	0
6.54691E+17	@midnight #OceanCelebs Macrel Fastflounder	0
6.54691E+17	Getting trawled on twitter. #OceanCelebs @midnight	0
6.54682E+17	Jim Ferry #OceanCelebs @midnight	0
6.54677E+17	E.E.L. Cummings @midnight #OceanCelebs	0
6.5468E+17	Christina Alligator Gar @midnight  #oceancelebs	0
6.54687E+17	@midnight Deep-sea-pak Chum-pra #OceanCelebs	0
6.54681E+17	#oceancelebs @midnight  Narwhalt Disney Ringo Starfish Chris Rock Lobster Jackson Pollock Cod Rundgren Sardine Martin Anchovy Hathaway	0
6.54693E+17	Jon Hamm-erhead Shark #OceanCelebs @midnight	0
6.54686E+17	@midnight Orson Scott Carp #OceanCelebs	0
6.54681E+17	@midnight @clarkgregg He can't stop, And he won't stop. #OceanCelebs #mantaraycyrus	0
6.54691E+17	@midnight #OceanCelebs Earnest T. Seabass	0
6.54688E+17	@midnight Krillian Michaels #OceanCelebs	0
6.54691E+17	@midnight #OceanCelebs Mr. T-route	0
6.54677E+17	@midnight Anglerfishman: The Legend of Ron Burgundy #OceanCelebs	0
6.54677E+17	Pikeal Jackson @midnight  #OceanCelebs	0
6.54501E+17	Eel Young @midnight #OceanCelebs	1
6.54677E+17	@midnight #OceanCelebs Barnacle Sanders	0
6.54675E+17	Marlin Wayans #OceanCelebs @midnight	0
6.54688E+17	Fishsticks Cage @midnight #OceanCelebs	0
6.5468E+17	Seal Kingston #OceanCelebs @midnight	0
6.54689E+17	#OceanCelebs @midnight  Thelonious Monkfish Kelpsey Grammer Jessica Shrimpson Yogi Barracuda Leonard Nimoyster Jason Seahorse	0
6.54682E+17	Gull-funkel &amp; Floats  #OceanCelebs @midnight @katemicucci  @rikilindhome @garfunkeloates	0
6.54687E+17	Steve Algae #OceanCelebs @midnight @steveagee	0
6.54678E+17	@midnight Mackeral-more #OceanCelebs	0
6.545E+17	Jim Belu-sea @midnight #OceanCelebs	1
6.54676E+17	Squidney Poitier @midnight #OceanCelebs	0
6.54685E+17	@midnight Johnny Depth #OceanCelebs	1
6.54685E+17	Loving the #OceanCelebs hashtag! Seabasstian Bach @midnight	0
6.54502E+17	Buoyancé #OceanCelebs @midnight	1
6.54681E+17	Kim Codashian #OceanCelebs @midnight	0
6.5468E+17	Kelpie Smulders #OceanCelebs @midnight	0
6.54693E+17	Ocean Bean #OceanCelebs  @midnight	0
6.54678E+17	Reef Fiennes #OceanCelebs @midnight	0
6.54676E+17	Osama Fin Rotten @midnight #OceanCelebs	0
6.5468E+17	Seal tangled up in plastic banding #OceanCelebs @midnight	0
6.54675E+17	@clarkgregg @midnight @IMBrettDalton Brett Dolphin #OceanCelebs	0
6.54691E+17	Rachel Sting Ray @midnight  #oceancelebs	0
6.54691E+17	Spongebob SquareHardwick @midnight #OceanCelebs @hardwick	0
6.54692E+17	#OceanCelebs @midnight  Prawn Funches	0
6.54694E+17	@midnight Orlando Algae Bloom  #OceanCelebs	0
6.54688E+17	@midnight Anemone Heche #OceanCelebs	0
6.54682E+17	Chris Carp-wick @midnight #OceanCelebs	0
6.54675E+17	Sea M Punk #OceanCelebs @midnight	0
6.54686E+17	Squid Rock #OceanCelebs @midnight	0
6.54678E+17	Moby's Dick #OceanCelebs @midnight	0
6.54691E+17	#OceanCelebs @midnight  Sebastian 'The Crab' Bach	0
6.54679E+17	Pike Tyson. @midnight  #OceanCelebs	0
6.54677E+17	Reefer Sutherland (he's a stone fish) #OceanCelebs @midnight http://t.co/8End4WDzYN	0
6.54685E+17	Nicholas Shark Cage @midnight  #OceanCelebs	0
6.54678E+17	Harrison Fjord  #OceanCelebs @midnight	0
6.5469E+17	@midnight Alan Moray #OceanCelebs	0
6.54686E+17	Peter Carpaldi #OceanCelebs @midnight	0
6.54692E+17	#OceanCelebs @midnight  Heidi Clam Shelley Long Monica Otter David Hasselhoffshore Drilling Gulf of Mexicobe Bryant Crab Calloway	0
6.54674E+17	Aguaman #OceanCelebs #simulcastinSpanish @midnight	0
6.54686E+17	Puffer Fish Daddy #OceanCelebs @midnight	0
6.54678E+17	@midnight @katemicucci @rikilindhome @BrentWeinbach @garfunkeloates Tina Tuna #OceanCelebs	0
6.54685E+17	Stingray Roe-mano   #OceanCelebs @midnight	0
6.54677E+17	Copper river Salmon Rushdie  #OceanCelebs @midnight	0
6.54688E+17	Robert DownParascope Jr.  #OceanCelebs @midnight	0
6.54502E+17	Free Willie Nelson #OceanCelebs @midnight	2
6.54692E+17	@midnight Stan Lee-side #OceanCelebs	0
6.5468E+17	Derek Waters. #OceanCelebs @midnight @derekwaterss	0
6.54686E+17	Tuna Fey #OceanCelebs @midnight	0
6.54675E+17	Hugh Drowns #OceanCelebs @midnight	0
6.54675E+17	Bill Mahi Mahi. #OceanCelebs @midnight	0
6.54687E+17	@midnight Moray Povich #OceanCelebs	0
6.54677E+17	Keanu Reefs #OceanCelebs @midnight	0
6.54679E+17	Armie Hammerhead. #OceanCelebs @midnight	0
6.54688E+17	Krill Smith   #OceanCelebs @midnight	0
6.54685E+17	Kate Hudson Bay @midnight  #oceancelebs	0
6.54689E+17	"I'll tell you what, I thought Kevin Codsner gave a whale of a performance in ""3 Days to Krill"" @midnight #OceanCelebs"	0
6.54689E+17	@midnight #OceanCelebs FISH HARDWICK!!!	0
6.54681E+17	#OceanCelebs ... Johnny Depths... @midnight	0
6.54695E+17	@midnight Dolphin-Safe Lundgren #OceanCelebs	0
6.54683E+17	Benedict Seaweedpatch #OceanCelebs @midnight	0
6.5468E+17	Skate MiSushi #OceanCelebs @midnight @katemicucci  (Skates are related to rays &amp; sharks.)	0
6.54681E+17	Barbary StreiSand  #OceanCelebs @midnight	0
6.54687E+17	Chris Hardtack #OceanCelebs #seafoodweek @midnight	0
6.54693E+17	@midnight William Shakespear-fishing #OceanCelebs	0
6.54677E+17	#OceanCelebs @midnight  Vanilla Iceberg Mary Tyler Moray Stingray Charles Pufferfish Daddy Humuhumunukunukuapua'aliyah Dolphin Lundgren	0
6.54684E+17	Sea aneminemone @midnight #OceanCelebs	0
6.54677E+17	@midnight The Insane Clownfish Posse #OceanCelebs	0
6.54687E+17	@midnight Clint Driftwood #OceanCelebs	0
6.54687E+17	Tom Carnival Cruise   #OceanCelebs @midnight	0
6.95356E+17	#BeforeFacebookI had 2 testicles. @midnight	0
6.95332E+17	#BeforeFacebookI didn't know how many legitimately crazy people I knew! @midnight	0
6.95283E+17	#BeforeFacebookI used to sit up all night by my Tandy waiting for @facebook @midnight	0
6.95329E+17	#BeforeFacebookI didn't like people all that much. Now I know why. @midnight	0
6.95362E+17	This is too funny..just type in #BeforeFacebookI and enjoy @midnight @MJRadioDiva @X1075  https://t.co/jTw62IvBjY	0
6.94775E+17	#BeforeFacebookI believed in statistics @midnight	1
6.95337E+17	Before Facebook I actually LIKED things. #beforefacebooki @midnight	0
6.95337E+17	Before Facebook my mom didn't comment on all of my selfies. #beforefacebooki @midnight	0
6.94783E+17	#BeforeFacebookI read shampoo bottles while on the toilet. @midnight	1
6.95336E+17	Before Facebook I remember happiness. #beforefacebooki @midnight	0
6.95252E+17	#BeforeFacebookI -was taught not to discuss politics. Now I can't get away from it. #dontcare #shutit @midnight	0
6.94741E+17	#BeforeFacebookI experimented with drugs to ESCAPE farmville. @midnight	1
6.9528E+17	@midnight #BeforeFacebookI had to leave my home to meet people. https://t.co/Hk5lTcXPND	0
6.95336E+17	Before Facebook I used Myspace, which was coded to actually work. #beforefacebooki  @midnight	0
6.94771E+17	#BeforeFacebookI thought my kid was special. @midnight	1
6.95299E+17	@midnight #BeforeFacebookI Definitely played with more toys! 	0
6.95253E+17	@midnight #BeforeFacebookI used Myspace.	0
6.95221E+17	@midnight #BeforeFacebookI didn't have friends that hated backing their opinions up with actual facts and statistics.	0
6.95335E+17	#BeforeFacebookI trends after @midnight segment on the social network's 12th birthday https://t.co/4F0mGRtpZm https://t.co/0SXejYezcP	0
6.94742E+17	#BeforeFacebookI had to go to people's homes and write on their actual walls. @midnight	2
6.94758E+17	#BeforeFacebookI had no idea the rest of humanity craved random, meaningless social approval as much as I did. @midnight	1
6.95272E+17	@midnight #BeforeFacebookI a Sears catalog was still handy in the outhouse	0
6.95231E+17	@midnight #BeforeFacebookI didn't need a belt to hold up my pants. I only carried spare change &amp; a Velcro wallet #BigA$$Phones	0
6.9535E+17	@midnight #BeforeFacebookI https://t.co/pqTeSQcPjv	0
6.95322E+17	"@midnight Hollywood Today Live is discussing the trending topic of #BeforeFacebookI - I feel ""in the know"" about where it originated."	0
6.9526E+17	#BeforeFacebookI was a @TODAYshow reporter that had to write their own content. @midnight	0
6.95286E+17	#BeforeFacebookI had no idea Jesus watched if I Liked, Shared or ignored pics of sick kids @midnight	0
6.95333E+17	#BeforeFacebookI  just assumed everyone believed in science.  @midnight	0
6.94755E+17	#BeforeFacebookI used to yell at random strangers over pointless crap on the street. @midnight	1
6.95245E+17	@midnight #BeforeFacebookI talked to my wife sometimes.	0
6.94768E+17	#BeforeFacebookI didn't know I could sell my underpants to Japanese Businessmen for fine scotch. @midnight	1
6.94764E+17	#BeforeFacebookI thought gif was peanut butter. @midnight @hardwick	1
6.94741E+17	#BeforeFacebookI had to remember how good my food looked before I ate it. @midnight	1
7.1739E+17	Umm, that one at Bernie's #BestWeekendIn5Words @midnight	0
7.17364E+17	Staying home with my wife   #BestWeekendIn5Words @e_mundt @midnight	0
7.17431E+17	#BestWeekendIn5Words @midnight   Alternate Walking Dead Season Finale	0
7.174E+17	Lawyers restrict me from saying.  #BestWeekendIn5Words @midnight	0
7.17425E+17	I own the world now. #BestWeekendIn5Words @midnight	0
7.17414E+17	Good book, good wine, bed. #BestWeekendIn5Words @midnight	0
7.17404E+17	Watched Zika Mosquito music video! #BestWeekendIn5Words @midnight	0
7.17364E+17	#BestWeekendIn5Words trapped in elevator with supermodels @midnight	0
7.17401E+17	@midnight Robot Cat Piggy Bank Heist #BestWeekendIn5Words	0
7.17419E+17	@midnight Weekend at Bernie's 3 fanfilm. #BestWeekendIn5Words	0
7.17433E+17	In Underwear on Brooklyn Bridge. #BestWeekendIn5Words @midnight	0
7.17389E+17	Nowhere I have to be. #BestWeekendIn5Words @midnight	0
7.17374E+17	My underwear is my uniform @midnight #BestWeekendIn5Words	0
7.1738E+17	Put the kids on mute @midnight #BestWeekendIn5Words	0
7.17415E+17	@midnight #BestWeekendIn5Words My First Anime Weekend Atlanta	0
7.17363E+17	Binge-watched Bachelor with Jill Biden! #BestWeekendIn5Words @midnight #shesactuallyafan! https://t.co/KtV1riB4uC	0
7.17365E+17	#BestWeekendIn5Words learned what blow job means @midnight	0
7.17381E+17	Binge Watching My Little Pony #BestWeekendIn5Words @midnight #pointsme	0
7.174E+17	Student Loans Finally Paid Off  #BestWeekendIn5Words @midnight	0
7.17364E+17	@midnight #BestWeekendIn5Words Test results came back negative	0
7.17407E+17	Finding Out Who Negan Killed #BestWeekendIn5Words @midnight	0
7.17407E+17	The test came back negative. #BestWeekendIn5Words @midnight	0
7.17388E+17	@midnight #BestWeekendIn5Words Bernie comes back to life	0
7.17366E+17	#BestWeekendIn5Words live tweeted my private enema @midnight	0
7.17422E+17	She let me invite friends  #BestWeekendIn5Words @midnight	0
7.17373E+17	Roadcuts with exposed rocks  #BestWeekendIn5Words @midnight	0
7.1738E+17	Help you move ... AGAIN  #BestWeekendIn5Words @midnight	0
7.17365E+17	#BestWeekendIn5Words oculus rift plus internet porn @midnight	0
7.17432E+17	She says we got married. #BestWeekendIn5Words @midnight	0
7.17384E+17	@midnight #Bestweekendin5words Watching BBC shows and men	0
7.17382E+17	Only banned from 3 Chuck-E-Cheese's #BestWeekendIn5Words @midnight	0
7.1737E+17	Tang, Tang, and more Tang #BestWeekendIn5Words @midnight (Poon) https://t.co/MBzRKFu1Vp	0
7.1742E+17	Like Superbad but with bears #BestWeekendIn5Words @midnight	0
7.17365E+17	#BestWeekendIn5Words gave trump rally chocolate laxatives @midnight	0
7.17357E+17	"Time away from my ""responsibilities""#BestWeekendIn5Words @midnight"	0
7.1739E+17	I turned off the news #BestWeekendIn5Words @midnight	0
7.17413E+17	Watched Zika Mosquito music video! #BestWeekendIn5Words @midnight   https://t.co/cbqkmayGGB  Now you can too	0
7.17388E+17	Did not wear pants once #BestWeekendIn5Words @midnight	0
7.17388E+17	Personal Marvel Avengers movie marathon. #BestWeekendIn5Words @midnight	0
7.17363E+17	@midnight #BestWeekendIn5Words jousting with little people naked	0
7.17361E+17	@midnight # Pink Slip Extended Depression Party! #BestWeekendIn5Words	0
7.17364E+17	Left my wallet in (El) Segundo #BestWeekendIn5Words #RIPPhifeDawg @midnight	0
7.17371E+17	Set the alarm for Monday #BestWeekendIn5Words @midnight #pointsme	0
7.174E+17	Cocaine is a helluva drug @midnight #BestWeekendIn5Words	0
7.17363E+17	Bingeing on old Batman episodes #BestWeekendIn5Words @midnight	0
7.17378E+17	@midnight Pooped with the door open #BestWeekendIn5Words	0
7.17421E+17	Sex! Dirty nasty rough SEX!!!!  #BestWeekendIn5Words @midnight	0
7.17418E+17	@midnight Sleeping in a Bouncy Castle. #BestWeekendIn5Words	0
7.17362E+17	Drinks, friends, laughter, no hangover #BestWeekendIn5Words @midnight	0
7.17375E+17	Anime Convention, met my idol. #BestWeekendIn5Words @midnight	0
7.17387E+17	Found a pixie, had adventure #BestWeekendIn5Words @midnight	0
7.17386E+17	Found out who Negan Killed @midnight #BestWeekendIn5Words	0
7.1737E+17	Playing dead ignoring Andrew McCarthy #BestWeekendIn5Words @midnight	0
7.17383E+17	Internet morons understand cliffhanger concept #BestWeekendIn5Words @midnight	0
7.17387E+17	Drunk in bed by 8PM. @midnight #BestWeekendIn5Words	0
7.17363E+17	Didn't watch Walking Dead. Again. #BestWeekendIn5Words @midnight	0
7.17357E+17	Teach birds to send messages #BestWeekendIn5Words @midnight	0
7.17414E+17	@midnight #BestWeekendIn5Words Star Wars the Force Awakens	0
7.17383E+17	Fuck that diet. Pizza NOW!  #BestWeekendIn5Words @midnight	0
7.17364E+17	Sleeping in, no responsibilities, whatever #BestWeekendIn5Words @midnight	0
7.17409E+17	#BestWeekendIn5Words @midnight February Twelfth Two-Thousand-Sixteen Deadpool Opened	0
7.17395E+17	Found my old mix tape @midnight  #BestWeekendIn5Words	0
7.1743E+17	#BestWeekendIn5Words Kimmy Schmitt pizza no talking @midnight	0
7.17398E+17	@midnight Crop Dust Entire Trump Rally #BestWeekendIn5Words https://t.co/VRUjl7IcZk	0
7.17373E+17	SciFi Convention: Firefly Rich Zone  #BestWeekendIn5Words @midnight	0
7.17432E+17	New Walking Dead, Republican Party   #BestWeekendIn5Words @midnight	0
7.1741E+17	@midnight #BestWeekendIn5Words heard no Trump sound bytes	0
7.17357E+17	#BestWeekendIn5Words = #CanadiensWinStanleyCupAgain @CanadiensMTL @midnight	0
7.17364E+17	Learned new uses for Jell-O #BestWeekendIn5Words @midnight	0
7.1743E+17	#BestWeekendIn5Words @midnight   Real Life Weekend at Bernie's	0
7.17423E+17	My band will make it! #BestWeekendIn5Words @midnight	0
7.17377E+17	Rode subway. Didn't get groped.  #BestWeekendIn5Words @midnight	0
7.1739E+17	$10 hand jobs 50% off! #BestWeekendIn5Words @midnight	0
7.17365E+17	#BestWeekendIn5Words filled tub with melted chocolate @midnight	0
7.17434E+17	@midnight #BestWeekendIn5Words Whole planet collapses. Except Netflix.	0
7.17382E+17	Boss died, dragged body around #BestWeekendIn5Words @midnight https://t.co/lq7WPGVedO	0
7.17403E+17	Swam in pool of women @midnight #BestWeekendIn5Words	0
7.17426E+17	#BestWeekendIn5Words D&amp;D, jolt, totinos, no girls @midnight #sameaslastweekend	0
7.17388E+17	Meet The Doctor: Weekend Forever @midnight #BestWeekendIn5Words	0
7.17392E+17	My motorcycle, the Rocky Mountains. #BestWeekendIn5Words @midnight	0
7.17398E+17	Cast Magic Missile, then pizza #BestWeekendIn5Words @midnight	0
7.17375E+17	Hannah Montana... I mean... sports...? #BestWeekendIn5Words @midnight	0
7.17418E+17	#BestWeekendIn5Words @midnight      Obama to FINALLY be impeached	0
7.17374E+17	#BestWeekendin5Words  2 Girls and a Tub  @midnight	0
7.17423E+17	Mirilax and Stacks of Comics @midnight #BestWeekendIn5Words	0
7.17376E+17	#BestWeekendin5Words  Time Traveled, Made Weekends Longer  @midnight	0
7.17426E+17	Didn't get caught doing it..  #BestWeekendIn5Words @midnight	0
7.17392E+17	Binge watching #DaredevilSeason2 with nachos. @midnight #BestWeekendIn5Words	0
7.17375E+17	@midnight #BestWeekendIn5Words I got high...and laid	0
7.17423E+17	Joined commune! Spaceship is coming! #BestWeekendIn5Words @midnight	0
7.17408E+17	Saturday's breaking news: Trump quits! #BestWeekendIn5Words @midnight	0
7.17426E+17	#BestWeekendIn5Words Blocked by @midnight  for over tweeting	0
7.17388E+17	Time traveling in the TARDIS #BestWeekendIn5Words @midnight @DoctorWho_BBCA	0
7.17363E+17	Nothing but Steven Seagal movies #BestWeekendIn5Words @midnight	0
7.17381E+17	Batman v Superman, not Zootopia  #BestWeekendIn5Words @midnight	0
7.174E+17	#BestWeekendIn5Words  got laid, ate, slept, repeat. @midnight	0
7.17379E+17	@midnight Cat ass tongue smell removed #BestWeekendIn5Words	0
7.17423E+17	My ex finally passed away  #BestWeekendIn5Words @midnight	0
7.17387E+17	"Called in ""drunk"" on Monday @midnight #BestWeekendIn5Words"	0
7.17365E+17	#BestWeekendIn5Words found dads old porn collection @midnight	0
7.17389E+17	All presidential candidates get laryngitis  #BestWeekendIn5Words @midnight	0
7.17356E+17	@midnight #BestWeekendIn5Words  Limber Spinners and Free Meat	0
7.17375E+17	Woke up drunk resumed drinking  #BestWeekendIn5Words  @midnight	0
7.17423E+17	Sold my junk on Craigslist  #BestWeekendIn5Words @midnight	0
7.17415E+17	@midnight #BestWeekendIn5Words pool party with Charlie sheen	0
7.17422E+17	Erasable Tattoo Ink Formula Research. @midnight #BestWeekendIn5Words	0
7.17404E+17	#BestWeekendIn5Words @midnight What's a weekend?	0
7.17421E+17	Best place to pause it #BestWeekendIn5Words @midnight @hardwick https://t.co/TgfPIMo1K4	0
7.17357E+17	My checking account isn't overdrawn #BestWeekendIn5Words @midnight	0
7.17425E+17	#BestWeekendIn5Words Locked in with Vagina Wall @midnight	0
7.17382E+17	4 episodes of @midnight nude #BestWeekendIn5Words	0
7.17391E+17	Donald Trump suspends campaign indefinitely #BestWeekendIn5Words @midnight	0
7.17231E+17	Mistakingly pronounced dead in Tijuana #BestWeekendIn5Words @midnight	1
7.17195E+17	THC levels are properly maintained  #BestWeekendIn5Words @midnight	1
7.17202E+17	Saved Bigfoot from Ted Nugent #BestWeekendIn5Words @midnight	1
7.17227E+17	Naked and no longer afraid. #BestWeekendIn5Words @midnight #pointsme	1
7.17192E+17	Husband out of town. Party!!!#BestWeekendIn5Words @midnight	1
7.17194E+17	Guessed my neighbor's WiFi password!!! #BestWeekendIn5Words @midnight	1
7.17209E+17	all sex no social media  #BestWeekendIn5Words @midnight	1
7.17219E+17	Romantic dinners with the cats #BestWeekendIn5Words @midnight	2
7.17213E+17	Sleep marathon in assless chaps #BestWeekendIn5Words @midnight	1
6.9567E+17	A 7 year old with a sparkler #BetterHalftimeShows @midnight	0
6.95673E+17	#BetterHalftimeShows @midnight   Greater Blue Ball Pennsylvania Off-KILT-er Bagpipe Orchestra plays the hits of the Mormon Tabernacle Choir.	0
6.95691E+17	Hologram David Bowie #BetterHalftimeShows @midnight @nfl #PointsMe	0
6.95663E+17	@midnight One cup, two wide receivers #BetterHalftimeShows	0
6.95665E+17	Shaquille O'Neil trying to catch a chicken #BetterHalftimeShows @midnight	0
6.95668E+17	@midnight Lawnmower Drill Team Dodges Band #BetterHalftimeShows	0
6.95682E+17	#BetterHalftimeShows Nate Silver calculates your odds of winning your office football pool. @midnight	0
6.95667E+17	@midnight  #BetterHalftimeShows crazed animals let loose on the field	0
6.95676E+17	A shark wearing a human suit #BetterHalftimeShows @midnight	0
6.95664E+17	#BetterHalftimeShows @midnight   Katy Perry filling out 1099 Forms for 35 minutes.	0
6.95466E+17	Sarah Palin arguing with a potato  #BetterHalftimeShows @midnight	1
6.95664E+17	"Ken Burns' ""The Civil War"" #BetterHalftimeShows @midnight"	0
6.95666E+17	Nicolas Cage/John Travolta staring contest #BetterHalftimeShows @midnight	0
6.95676E+17	@midnight #betterhalftimeshows the Wiggles cover Janet Jackson	0
6.9568E+17	@midnight lady gaga finally reveals she is actually marilyn manson in disguise. #BetterHalftimeShows	0
6.95673E+17	A session of @midnight #betterhalftimeshows	0
6.95684E+17	Patrick Stewart reads Monstress comics on the jumbo-tron @midnight #BetterHalftimeShows	0
6.95688E+17	"An intoxicated Jack Nicholson throws money at the crowd, earnestly shouting ""Where are my balloons?"" #BetterHalfTimeShows @midnight"	0
6.95689E+17	@midnight Leonardo DiCaprio VS. The Revenant Bear: Grudge Match #BetterHalftimeShows #pointsme	0
6.95691E+17	#BetterHalftimeShows  Donald Trump, Marco Rubio, Ted Cruz &amp; Ben Carson singing a medley of N.W.A.'s greatest hits.   @midnight	0
6.95672E+17	The CFL championship game #BetterHalftimeShows @midnight	0
6.95691E+17	Carrie Underwood carried underwater #BetterHalfTimeShows #SoStupid @midnight	0
6.95688E+17	Quarterbacks and punters play D &amp; D with Bob Costas as the dungeon master @midnight #BetterHalftimeShows	0
6.95664E+17	@midnight Trump dons white hood, blazes 50-foot cross of blunts #BetterHalftimeShows	0
6.95665E+17	Futbol #BetterHalftimeShows @midnight	0
6.95689E+17	@midnight Courtney Love. Not singing, just queefing into a Pringles can #BetterHalftimeShows	0
6.95667E+17	Trump/Shkreli Fight to the Death. Winner gets hanged. #BetterHalftimeShows @midnight	0
6.95464E+17	Flea circus #BetterHalftimeShows @midnight	1
6.95687E+17	Real Panthers use Lady Gaga as plush toy #BetterHalftimeShows @midnight	0
6.95678E+17	Everyone who ever made a list for Buzzfeed is fed to the top 10 predators of the animal kingdom.  #BetterHalftimeShows @midnight #PointsMe	0
6.9568E+17	I'd rather watch a zamboni #betterhalftimeshows @midnight	0
6.95691E+17	One of my patented half hour long poops #BetterHalftimeShows @midnight	0
6.95676E+17	A hypnotist that convinces me to care about football.  #BetterHalftimeShows @midnight	0
6.95686E+17	Lemon Party with John Madden #BetterHalftimeShows @midnight	0
6.95666E+17	#BetterHalftimeShows @midnight a sance	0
6.95687E+17	A shorter football game with its own halftime show and continuing such iterations #BetterHalftimeShows @midnight	0
6.95681E+17	Radiohead, The Smiths, Evanecsence, and Tori Amos play, while razor blades are given to spectators. #BetterHalftimeShows @midnight #PointsMe	0
6.95666E+17	2 cats 1 cucumber! #Pointsme @midnight  #BetterHalfTimeShows	0
6.95678E+17	"Bill Cosby performs  ""Bill Cosby, Himself"" on last time.  #BetterHalftimeShows @midnight #PointsMe"	0
6.95691E+17	"Both teams going home and everyone just being like ""Welp..."" #BetterHalftimeShows @midnight"	0
6.9568E+17	Play the Star Wars trailer 10 times in a row for  a #betterhalftimeshows @midnight	0
6.95505E+17	A rap battle between Hilary and Bernie #BetterHalftimeShow @midnight	1
6.95682E+17	Weird AL does Coldplay parodies #BetterHalftimeShows @midnight	0
6.95667E+17	@midnight  #BetterHalftimeShows any rock band from the 70s	0
6.95675E+17	Radiohead rise out of the stage behind Coldplay and beat them to death using actual talent. #BetterHalftimeShows @midnight	0
6.95471E+17	That donkey show I saw during spring break last year. #BetterHalftimeShows @midnight	1
6.95678E+17	The Bill Cosby Sleepy Time Spectacular #BetterHalftimeShows @midnight	0
6.95666E+17	@annabethgish need some fanfic recommendations?#betterhalftimeshows #scullyandmulderfinallyfuck @midnight  https://t.co/FbyXk091bz	0
6.95483E+17	Everybody goes to the bathroom & then we get back to the game, because seriously...? #BetterHalftimeShows @midnight	1
6.95674E+17	A Bernie Sanders rally breaks out.  #BetterHalftimeShows @midnight	0
6.95666E+17	Gwyneth Paltrow ranting about gluten for 30 minutes. #BetterHalftimeShows @midnight	0
6.95672E+17	Me. Looking pretty. That's it. #BetterHalftimeShows @midnight #PointsMe #allthepointstome #especiallyinthesecondhalf	0
6.95493E+17	Just send a guy out to mow the grass #BetterHalftimeShows @midnight	1
6.95667E+17	@midnight  #BetterHalftimeShows reveal the secret plan	0
6.95674E+17	@midnight  12 angry men perform the Vagina Monologues #BetterHalftimeShows	0
6.95665E+17	#BetterHalftimeShows @midnight @hardwick hosts @halftime with Tom Brady, Rodger Goodell, and Left Shark as contestants	0
6.95513E+17	Sitting in quiet contemplation about where it all went wrong #BetterHalftimeShows @midnight	1
6.95667E+17	@midnight  #BetterHalftimeShows George Clinton and the Parliament Funkadelic	0
6.95667E+17	Every member of both teams take turns cup checking Martin Shkreli #betterhalftimeshows #restingdoucheface @midnight	0
6.95681E+17	Oprah gives away puppies to kindergarten school teachers or vice versa, either way it's a #betterhalftimeshows @midnight	0
6.9567E+17	@midnight #BetterHalftimeShows Watching a femme lesbians' nail polish dry	0
6.95665E+17	@Adele executing Martin Shkreli with her voice #BetterHalftimeShows @midnight	0
6.9567E+17	A literal theatre performance in the cold #BetterHalftimeShows @midnight	0
6.95495E+17	Play a game of NFL with a live pig instead of a pig skin  #BetterHalftimeShows @midnight	1
6.9568E+17	Just play the video of Whitney singing the national anthem again for a #betterhalftimeshows @midnight	0
6.95683E+17	Watching paint dry. #BetterHalftimeShows @midnight	0
6.95673E+17	The Zombie Apocalypse would be worth it if Zombie Michael Jackson rose up and did Thriller one last time. #BetterHalftimeShows @midnight	0
6.95665E+17	Concussion starring Will Smith #BetterHalftimeShows @midnight	0
6.95675E+17	@midnight A chorus of snoring grandpas. #BetterHalftimeShows	0
6.95672E+17	@midnight episode w @joerogan @RonFunches &amp; @DougBenson... Would get HIGH ratings @hardwick #BetterHalftimeShows	0
6.95669E+17	Pokemon Thunderdome @midnight #BetterHalftimeShows	0
6.95676E+17	For #BetterHalftimeShows @midnight I think a bunch of L trailers, posters and other Marvel'ous introductions @deadpoolmovie	0
6.95673E+17	Bernie Sanders on a stripper pole #BetterHalftimeShows @midnight	0
6.95666E+17	#BetterHalftimeShows Two dogs and a jar of peanut butter.  @midnight	0
6.95669E+17	A boot, stamping on a human face #betterhalftimeshows @midnight	0
6.95675E+17	"Play by play recap as done by Sarah Palin ""oh don't cha know"" #BetterHalftimeShows @midnight"	0
6.95678E+17	"@midnight Vanilla Ice ""Go Ninja Go Ninja Go!"" Of course with the Ninja Turtles #BetterHalftimeShows"	0
6.95688E+17	One episode of @midnight  #BetterHalftimeShows	0
6.95679E+17	Nickelback cover band with frontman Guy Fieri #BetterHalftimeShows @midnight	0
6.95671E+17	@midnight #BetterHalftimeShows Bronco vs. Panther deathmatch for animal kingdom supremacy	0
6.95681E+17	#BetterHalftimeShows Horsecorpse Racing (corpses tied upright onto horses, racing) @midnight	0
6.9569E+17	A doctor who episode #BetterHalftimeShows @midnight	0
6.95482E+17	Cheerleaders Reenact Entire 1st Half #BetterHalftimeShows @midnight	1
6.9567E+17	#BetterHalftimeShows @midnight PrideParade breaks out as players come out of the locker&amp;admit they play fb to wear tight pants&amp;pat butts.Grr	0
6.9569E+17	"The return of the ""Empty Arena Match"" #BetterHalftimeShows @midnight"	0
6.95665E+17	Holding your hand on the stove until the 3rd quarter  #betterhalftimeshows @midnight	0
6.95664E+17	Shia LaBeouf reading Green Eggs and Ham. #BetterHalftimeShows @midnight	0
6.95685E+17	Everybody gets to punch Martin Shkreli and Donald Trump in the face. #BetterHalftimeShows @midnight	0
6.95675E+17	@midnight  #BetterHalftimeShows  Performing the Halftime show @alyankovic and @taylorswift13	0
6.95686E+17	#BetterHalftimeShows @midnight  Maury Povich reading DNA results to the Players.	0
6.95681E+17	Sia plays organ until Justin Timberlake shows up and rips off her mask phantom of the opera style. #BetterHalftimeShows @midnight #PointsMe	0
6.95677E+17	Hillary Clinton and Bernie Sanders decide who the nominee will be by dueling Thunderdome-style. #BetterHalftimeShows @midnight #PointsMe	0
6.95686E+17	Two Zambonis #BetterHalftimeShows @midnight	0
6.95674E+17	@midnight Parent raps  #BetterHalftimeShows	0
6.95662E+17	Lady Edith finally beats the living crap out of Lady Mary #BetterHalftimeShow @midnight	2
6.9568E+17	Lady Gaga finally reveals that she is really Marilyn Manson in clever disguise. #BetterHalftimeShows @midnight	0
6.95688E+17	Strippers jumping a puddle live on Periscope #BetterHalftimeShows @midnight #pointsme	0
6.9569E+17	"#BetterHalftimeShows   The return of ""Men on Football""  @midnight"	0
7.43584E+17	My Heart Will Go On because I eat Cheerios. @midnight #DadSongs	0
7.43628E+17	You Be Grillin' #DadSongs @midnight	0
7.4364E+17	He's Crafty #DadSongs @midnight	0
7.43625E+17	Neck Ties That Bind @midnight #dadsongs #TheBoss	0
7.43942E+17	"@midnight #DadSongs (#late) ""Who Is Responsible For The Release Of These Dogs?!"""	0
7.43839E+17	Welcome to my house..... every other weekend and summers. #DadSongs @midnight	0
7.43586E+17	#DadSongs You're legs are so veiny @midnight	0
7.43639E+17	Takin' Care of Business on the pot #DadSongs @midnight	0
7.43584E+17	#DadSongs Hey Jude, pass me another beer @midnight	0
7.43604E+17	#dadsongs @midnight i'm hot blooded, check it and see, don't put that thermostat above 63.	0
7.43638E+17	My Hair now has a Touch of Grey #DadSongs @midnight	0
7.43667E+17	Deadbeat It #DadSongs @midnight #SorryImLate #IWasOnVacation	0
7.43622E+17	@midnight #dadsongs I Get by with a little help from Depends	0
7.43635E+17	All about that Largemouth Bass @midnight #DadSongs	0
7.43692E+17	#DadSongs  Papa, Don't Practice What You Preach  @midnight	0
7.43584E+17	#DadSongs I'll make love to you.. 15 minutes after I take this blue pill  @midnight	0
7.43629E+17	My Bladder's Under Pressure #DadSongs @midnight #prostateproblems	0
7.43586E+17	#DadSongs All night longzzzzzzzzzzzz..... @midnight	0
7.43643E+17	Hey! you! Get off of my lawn  #DadSongs @midnight	0
7.43613E+17	#DadSongs @midnight Juat Beat It when your mom is on her monthly cycle	0
7.43651E+17	Achy Breaky Back @midnight   #DadSongs	0
7.43618E+17	@midnight #DadSongs All You Need Is Duct Tape	0
7.43842E+17	Straight out of patience. #DadSongs @midnight	0
7.43594E+17	Holding Out For A Hero (or hoagie or sub)  #DadSongs   @midnight	0
7.43596E+17	Stairway to Bengay @midnight #DadSongs	0
7.43586E+17	#DadSongs Just the way you were @midnight	0
7.43699E+17	#DadSongs  My Part Belongs to Daddy  @midnight	0
7.43955E+17	@midnight Stop! It is Game of Thrones. #DadSongs	0
7.43628E+17	We Built This City (walking uphill in a snow storm both ways) #DadSongs @midnight	0
7.43618E+17	Salute to @spencedbyus and @CharlieKadoo for your @midnight #DadSongs top-10 nominations. Funny stuff, as always. Good luck!	0
7.43587E+17	#DadSongs Younger Girl @midnight	0
7.4362E+17	@midnight Hit me Daddy one more time! #DadSongs	0
7.43628E+17	You Raised Me Up #DadSongs @midnight	0
7.43634E+17	Mama don't let our babies grow up to be Cub fans #DadSongs @midnight	0
7.43824E+17	Everything I do, I do it for you AND YOU ARE SO UNGRATEFUL #DadSongs @midnight	0
7.43686E+17	Watching @midnight with @hardwick (@nerdist).  New Episode - @mrmattwalsh @pagetpaget and @PFTompkins (S03E119) #DadSongs @ComedyCentral	0
7.43694E+17	#DadSongs  Daddy Lesions  @midnight	0
7.43584E+17	#DadSongs Every breath you take in my Dutch Oven @midnight	0
7.43586E+17	#DadSongs Say you, say what? @midnight	0
7.43613E+17	#DadSongs @midnight karma karma karma chameleon bass fishing boat paint job	0
7.43699E+17	#DadSongs  I'm a Long Bone Daddy  @midnight	0
7.43627E+17	Dad Songs (Say So Much) #DadSongs @Midnight #HashtagWars @EltonOfficial	0
7.43964E+17	@midnight Accidental Fart #DadSongs	0
7.43585E+17	#DadSongs Whomp! There it is.... pick it up before it gets away @midnight	0
7.43627E+17	He works hard for the money @midnight  #DadSongs	0
7.43583E+17	Your futures so shite you better wear shades #DadSongs @midnight	0
7.43587E+17	#DadSongs Stairway to Boredom @midnight	0
7.43641E+17	"@midnight my kid's favorite lullaby is ""creep"" by radiohead. #dadsongs"	0
7.4367E+17	I Hate Everything About You #DadSongs @midnight #SorryImLate #IWasOnVacation	0
7.43714E+17	@midnight #DadSongs  Man, I feel like reclinin'	0
7.43591E+17	@midnight #DadSongs You WERE the sunshine of my life and then you grew up and had a mind of your own.	0
7.436E+17	@midnight #hashtagwars #dadsongs Fake Plastic Knee replacements	0
7.43586E+17	#DadSongs You've been hitting it wrong... for a long time @pagetpaget  @midnight	0
7.43695E+17	#DadSongs  Papa's Got a Brand New Ostomy Bag  @midnight	0
7.43585E+17	#DadSongs Call Me, just not after 8pm @midnight	0
7.43691E+17	#DadSongs  Papa Had a Rolling Stone  @midnight	0
7.43639E+17	I Am The Preacher Man #DadSongs @midnight	0
7.43691E+17	#DadSongs  Daddy, Don't You Walk and Scratch  @midnight	0
7.43693E+17	#DadSongs  Papa Told Me He Had Come  @midnight	0
7.43693E+17	#DadSongs  Don't Pry Daddy  @midnight	0
7.43619E+17	@midnight  #DadSongs Another Beer Bites the Dust	0
7.43612E+17	In fun to stay at the YWCA! #DadSongs @midnight	0
7.43713E+17	@midnight #DadSongs  I've got my mind on your mommy and your mommy on my mind.	0
7.4358E+17	The funniest thing about #DadSongs from @midnight last night is that I can't help but read them to the sound of the original tune.	0
7.43605E+17	Congrats, @midnight top taggers! @mattchittum @CharlieKadoo @spencedbyus #DadSongs Good luck tonight! 	0
7.43585E+17	#DadSongs Stayin' alive one more night @midnight	0
7.43627E+17	I Like Beer Guts and I cannot lie....  #DadSongs @midnight	0
7.43694E+17	#DadSongs  My Father's Brown-Eye  @midnight	0
7.43825E+17	I Still Haven't Found What I'm Looking For in the Fridge #DadSongs @midnight	0
7.43587E+17	#DadSongs You can't  always get what you want @midnight	0
7.43638E+17	Time to Get Grill #DadSongs @midnight @beastieboys	0
7.4329E+17	Were You Born This Way In a Barn? #DadSongs @midnight	1
7.43285E+17	Can't Touch This Thermostat #DadSongs @midnight	2
7.43295E+17	Baby You Can Drive My Car if you fill it up #DadSongs @midnight	1
7.43287E+17	Working For The Custody Weekend  #DadSongs @midnight	1
7.43285E+17	I Would Walk 500 Miles to School in 10 Feet of Snow   #DadSongs @midnight	1
7.43294E+17	Comb Over Beethoven @midnight #DadSongs	1
7.43322E+17	I Want to Fix My Bicycle #DadSongs @midnight	1
7.43284E+17	Anarchy In The Utility Room #DadSongs @midnight	1
7.43285E+17	Sweet Child Support O' Mine #DadSongs @midnight	1
7.43285E+17	@midnight Everybody Have Puns Tonight #DadSongs	1
6.73634E+17	The Little Drunker Boy #drunkcarols @midnight	0
6.73726E+17	@midnight Have Yourself Another Round of Shots! #DrunkCarols	0
6.73701E+17	Wanna deck, burp, my halls baby? @midnight #DrunkCarols #PointsMe	0
6.73429E+17	@midnight Jger, Joy of Man's Desiring #DrunkCarols	0
6.73657E+17	No Well...No Well #DrunkCarols @midnight https://t.co/Tm5UWNvGep	0
6.7366E+17	@midnight DeckTheHallsWithGallonsOfVodka. #DrunkCarols #PointsMe	0
6.7376E+17	Grandma Got Ran Over by an Uber #DrunkCarols @midnight	0
6.73675E+17	Deck the Halls with Projectile Vomit.  @Midnight #DrunkCarols	0
6.73604E+17	@midnight #drunkcarols Winter Your Body Is A Wonderland	0
6.73674E+17	Christmas in Hollis Drunk Tank.    @Midnight #DrunkCarols	0
6.73948E+17	#DrunkCarols @midnight #pointsme  Gin-gle Bells	0
6.73674E+17	@midnight Mary's Boy Child, Gavin, is sleeping one off again. #DrunkCarols #PointsMe	0
6.73501E+17	Home for the alcoholidays #DrunkCarols @midnight	0
6.73701E+17	Frosty the Crackman #DrunkCarols @midnight	0
6.7368E+17	Gabriel's Drunk Text Message.       @Midnight #DrunkCarols	0
6.73763E+17	"@midnight #DrunkCarols ""Angels From the Holes of Glory"""	0
6.73562E+17	#DrunkCarols        ...Any One sung by             Liza Minelli  #PointsMe @midnight	0
6.73431E+17	I'll Be Home For Christmas, If I Make Bail. @midnight #DrunkCarols #PointsMe	0
6.73582E+17	Geez, Carol's a MEAN drunk! @midnight #DrunkCarols #PointsMe https://t.co/iqC4okggwu	0
6.73648E+17	Deck the halls with scotch and whiskey. *vomit noise* Lala-La-La #Drunkcarols @midnight	0
6.73477E+17	Deck the halls with Budweiser falalalalalalalalalalalalalalalala @midnight #DrunkCarols	0
6.72636E+17	Hennessy What I See? #DrunkCarols @midnight	1
6.73674E+17	@midnight Drank My Money Away by The Little Hummer Boy #DrunkCarols #PointsMe	0
6.73658E+17	One of my #DrunkCarols for @midnight made Twitter moments. Thanks for pointing this out @charley_ck14! https://t.co/NpUHMHvOY5	0
6.734E+17	God rest ye weary gentlemen with hangovers today. #DrunkCarols @midnight	0
6.73694E+17	Good King Wencsheslshaseryoufucker @midnight @PattyMarvel #DrunkCarols	0
6.73823E+17	@midnight Oh Holy S***t, Our House is on Fire #DrunkCarols	0
6.73532E+17	Suck my jingle balls#DrunkCarols @midnight	0
6.73406E+17	The Little Drummer Boy Your Mom Took Home Last Night. #drunkCarols @midnight	0
6.73646E+17	We wish you a drunken Christmas  and a happy new beer  #DrunkCarols @midnight	0
6.73697E+17	Good King WTF !!!! @midnight #DrunkCarols	0
6.72636E+17	Have Yourself a Merry Little Christmas CAUSE ITS ALL ABOUT YOU!!!!! #DrunkCarols #PointsMe @midnight	1
6.73823E+17	@midnight Silent Night After Dad Storms Out. #DrunkCarols	0
6.73514E+17	Deck the Halls with streams of urine @midnight #DrunkCarols	0
6.73577E+17	@midnight Look at frosty go....where are his pants? #DrunkCarols #PointsMe	0
6.73673E+17	Do They Know It's Christmas  (or Did They Black Out Again? )   @Midnight #DrunkCarols	0
6.73613E+17	@midnight #DrunkCarols Frosty the Blowman	0
6.73778E+17	All I Want for Christmas is Rum #DrunkCarols @midnight	0
6.73681E+17	God Rest Ye, Merry Drunken Men.   @Midnight #DrunkCarols	0
6.73949E+17	#DrunkCarols @midnight #pointsme  All I Want For Christmas Is My Self Respect	0
6.73682E+17	O Come, All Ye Shit-Faced.     @Midnight #DrunkCarols	0
6.7264E+17	Joy to the Whirl... Man I Wish the Room Would Stop Spinning. #DrunkCarols @midnight	1
6.73564E+17	Need a little Kraken, right this very minute!  #drunkcarols @midnight #PointsMe	0
6.73464E+17	"Come here ""Little drummer boy!?! @midnight  #DrunkCarols"	0
6.7372E+17	@midnight #DrunkCarols Joy to the floor!	0
6.73675E+17	Santa Claus is Coming to Town  (for an Intervention ).   @Midnight #DrunkCarols	0
6.73581E+17	@midnight liquor in heres delightful, but the bouncer he is frightful, and he really wants us to go let's go let's go let's go #DrunkCarols	0
6.73677E+17	Hark the harold angels drink, glory to yee kne burn queen... Those are the words right? #DrunkCarols @midnight	0
6.736E+17	"@midnight #DrunkCarols #PointsMe ""Violent Night"""	0
6.72639E+17	Hark the Hammered Angels Sing Karaoke #DrunkCarols @midnight	2
6.737E+17	I saw three ships, burp, Morty! Three ships Morty! THREE SHIPS! @midnight #DrunkCarols #PointsMe	0
6.7368E+17	Angels We Have Seen Get High.      @Midnight #DrunkCarols	0
6.737E+17	O Christmas Tree you sure are pretty @midnight #DrunkCarols #PointsMe	0
6.72635E+17	Silver and Goldschlager @midnight #DrunkCarols	1
6.73946E+17	#DrunkCarols @midnight #pointsme  Here comes San-gria, here comes San-gria, right down San-gria Lane.	0
6.73402E+17	Baby, It's Old Style Time. #DrunkCarols @midnight	0
6.73518E+17	Here comes Santa Claus, here comes Santa Claus.. Oh shit he driving on the side walk @midnight #DrunkCarols #PointsMe	0
6.73407E+17	Come all ye phallics #drunkcarols @midnight	0
6.73756E+17	Silent Night, because Cosby bought the drinks tonight. @midnight #drunkcarols	0
6.73667E+17	"@Midnight #DrunkCarols #PointsMe ""The Christmas Song (Chestnuts Roasting on an Open Fireball)"""	0
6.73992E+17	O' Come On You're Not Faithful @midnight #DrunkCarols #PointsMe #ashleymadisonhackmademedoit	0
6.73558E+17	#DrunkCarols  Good King W'onceHesSloshed (or ...WhenceHesSloshed)  --just bring him His Mead  #PointsMe @midnight	0
6.73678E+17	Merry Christmas, Bailey's.     @Midnight #DrunkCarols	0
6.73672E+17	Ten Lords a-Puking.   @Midnight #DrunkCarols	0
6.73674E+17	@midnight Walking from the bar home with my dad #DrunkCarols #PointsMe	0
6.73515E+17	Away in a Drunk Tank @midnight #DrunkCarols	0
6.73517E+17	@ComedyCentral @midnight Oh Holy Shit I'm Drunk #DrunkCarols	0
6.73683E+17	What child is this? No, seriously!? Who the fuck brought their kid to the office party!??? @midnight #DrunkCarols	0
6.72644E+17	Have yourself a merry little blackout #DrunkCarols  @midnight	1
6.72638E+17	Do You Hear What I Hurl #DrunkCarols @midnight #PointsMe	1
6.72635E+17	That's the jingle bell ,that's the jingle bell ,that's bellll Happy Halloweennnnnn #DrunkCarols @midnight #PointsMe	1
6.73464E+17	 Five slabs of beer / Four Champagne magnums, three wine casks, two bottles of port / And a salted Tequila worm   #DrunkCarols @midnight	0
6.73681E+17	I Saw Three Sheets Come Sailing In.     @Midnight #DrunkCarols	0
6.73682E+17	The Little Drunken Boy.  @Midnight #DrunkCarols	0
6.73477E+17	Frosty the cold one @midnight #DrunkCarols	0
6.73682E+17	We Three Little Kings.  @Midnight #DrunkCarols	0
6.72642E+17	We's Wish You a Merry Missed Piss #DrunkCarols @midnight #PointsMe	1
6.72635E+17	The Twelve Steps of Christmas #DrunkCarols @midnight	1
7.1783E+17	The Dentures if Huck Finn #ElderlyMovies @midnight	0
7.17808E+17	The Grumpy, The Sad, and the Oldie #ElderlyMovies @midnight	0
7.1782E+17	waterobics in the Deep End #ElderlyMovies @midnight	0
7.17798E+17	The SoonEnding Story #ElderlyMovies @midnight	0
7.17826E+17	@midnight The Grandfather #ElderlyMovies	0
7.17807E+17	Geriatric Guns, with Geezer Sutherland &amp; Antiguo Estevez  #ElderlyMovies @midnight	0
7.178E+17	Debbie Does Dallas Cowboys Owner Jerry Jones  #ElderlyMovies @midnight	0
7.17798E+17	The Dentures of Huck Finn  #ElderlyMovies @midnight #pointsme	0
7.17837E+17	Matlock &amp; Two Smoking Barrels #ElderlyMovies @midnight	0
7.17817E+17	On Golden Girls Pond @midnight #elderlymovies	0
7.17829E+17	The Way, Way Back Ache #ElderlyMovies @midnight	0
7.1783E+17	The Depends-ables #ElderlyMovies @midnight	0
7.17815E+17	Malcolm's X-Lax @midnight #ElderlyMovies	0
7.17815E+17	Can't Seem To Remember The Titans  #ElderlyMovies @midnight	0
7.17798E+17	Horrible Hospice #ElderlyMovies @midnight	0
7.17803E+17	#elderlymovies  Death Takes Ms Holiday @midnight	0
7.17797E+17	Ben-Hernia @midnight #ElderlyMovies	0
7.17829E+17	Underwear Spotting #ElderlyMovies @midnight	0
7.1781E+17	#ElderlyMovies @midnight   Geriatric Encounters of What's Left of Their Mind	0
7.17822E+17	Shingles All the Way #ElderlyMovies @midnight	0
7.17797E+17	When Harry Euthanized Sally  #ElderlyMovies @midnight	0
7.17797E+17	All the Right Bowel Movements #ElderlyMovies @midnight	0
7.17798E+17	.@midnight #ElderlyMovies Captain Bloodless	0
7.17798E+17	Dude, Where's My Car?  And My Keys?  And Where Am I?  #ElderlyMovies @midnight	0
7.17806E+17	"Pharmaceutically Up in the Air ""Inglourious Bran-Turds"" ""Frost/Vixen"" ""Fargo to Climax"" #ElderlyMovies @midnight"	0
7.17803E+17	#ElderlyMovies .@midnight  Thelma &amp; Louise Take the Wrong Exit https://t.co/2motCjKm0T	0
7.17799E+17	Turn down that Sound of Music #elderlymovies @midnight	0
7.17827E+17	@midnight #ElderlyMovies Defending Your Life Alert	0
7.17826E+17	#elderlymovies @midnight Tinkle Toilet Somber Die	0
7.17798E+17	Guess Who's Coming To Dinner at 3PM  #ElderlyMovies @midnight	0
7.17814E+17	Prunejuice, Prunejuice, Prunejuice @midnight #ElderlyMovies	0
7.17801E+17	#ElderlyMovies @midnight   The Importance Of Being Regular	0
7.17837E+17	Not Without My Daughter Even Though She Never Calls #ElderlyMovies @midnight	0
7.1783E+17	Prunes of Madison County   #elderlymovies @midnight	0
7.17812E+17	The Lovely Boner Pills #ElderlyMovies @midnight	0
7.178E+17	Senile Max: Return to the CVS Line #ElderlyMovies @midnight	0
7.178E+17	The Little Rascal Scooters #ElderlyMovies @midnight	0
7.17798E+17	Varicose Encounters  #ElderlyMovies @midnight	0
7.17814E+17	The Thief, The Cook, His Wife &amp; Her Prosthetic Hip  #ElderlyMovies @midnight	0
7.17818E+17	The Early Bird Breakfast at Tiffany's @midnight #ElderlyMovies	0
7.17808E+17	Legends of the Fallen and Can't Get Up @midnight #ElderlyMovies	0
7.17797E+17	Burying Miss Daisy @midnight #ElderlyMovies	0
7.17815E+17	Dentures (instead of JAWS) #ElderlyMovies @midnight	0
7.17817E+17	'Milk' of Magnesia   #elderlymovies @midnight	0
7.17819E+17	The Bald and the Beautiful #ElderlyMovies @midnight	0
7.17811E+17	Good Will Drafting @MalHo @midnight #ElderlyMovies	0
7.17834E+17	@midnight Dentures The Revenge #ElderlyMovies	0
7.17838E+17	Pale, Saggy, Depressed Rider #ElderlyMovies @midnight	0
7.17831E+17	Octogenarianpussy #ElderlyMovies @midnight	0
7.17807E+17	Pocahontas, I remember that slut  @midnight #ElderlyMovies	0
7.17819E+17	#elderlymovies @midnight Ex-men: All Our Future Days Are Passed	0
7.17807E+17	The Old Man and the Sea... passed away from natural causes. @midnight #ElderlyMovies	0
7.17824E+17	#ElderlyMovies  He's Just Not That Into Youth  @midnight	0
7.17803E+17	Indiana Jones and the Shirley Temple of Doom #ElderlyMovies @midnight	0
7.17829E+17	Don't Tell Mom the Babysitter's Deaf  #ElderlyMovies @midnight	0
7.17814E+17	Geriatric Park #ElderlyMovies @midnight	0
7.17819E+17	I don't remember The Best Years of Our Lives #ElderlyMovies @midnight	0
7.17812E+17	Mean Grannies #ElderlyMovies @midnight	0
7.17802E+17	Ron Elderly: The Legend Might Continue #ElderlyMovies @midnight	0
7.17818E+17	#elderlymovies @midnight Soylent Green Tomatoes	0
7.17801E+17	@midnight #ElderlyMovies Centrum Silver Linings Playbook	0
7.17818E+17	#elderlymovies @midnight Invasion of the Bingo Snatchers	0
7.17817E+17	@midnight 2 Slow 2 Infuriating: Tokyo Drifting off to sleep #ElderlyMovies	0
7.17798E+17	#ElderlyMovies @midnight   The (Gas) Producers	0
7.17807E+17	The Grand Budapest  Nursing Home #ElderlyMovies @midnight	0
7.17815E+17	Whine and Prejudice  #ElderlyMovies @midnight	0
7.1782E+17	@midnight #ElderlyMovies Dude, Where's My Car? We're IN The Car Grandpa.	0
7.17815E+17	@midnight #ElderlyMovies fibromyalgia and me	0
7.17801E+17	Once Upon in Mexico, When I Was Your Age...... #ElderlyMovies @midnight	0
7.17835E+17	@midnight #ElderlyMovies          How to Train your Dragon to Stay in Your Pants	0
7.17802E+17	Good Pill Hunting #ElderlyMovies @midnight	0
7.17821E+17	Full Metal where's my Jacket? #ElderlyMovies @midnight	0
7.17812E+17	Clueless #ElderlyMovies @midnight	0
7.17817E+17	What Ever Happened to Baby Jane?  Her social security dried up to fund another war for the @GOP  @midnight #ElderlyMovies	0
7.17799E+17	Bowling League For Columbine #ElderlyMovies @midnight	0
7.1783E+17	The Back Is Out Plan #ElderlyMovies @midnight	0
7.1781E+17	Ben Gay #ElderlyMovies @midnight	0
7.17797E+17	Guess Who's Coming to Dinner?...not my ungrateful kids! #ElderlyMovies @midnight	0
7.17797E+17	@midnight Full Metal Dentures or Alzheimer's Now #ElderlyMovies	0
7.17826E+17	@midnight  #elderlymovies The Fifth Element of Dementia	0
7.17813E+17	The Big Colonoscopy #ElderlyMovies @midnight	0
7.17828E+17	Dude, Where's my Rascal?!?!	0
7.17816E+17	Raiders of the Lost Memory @midnight #ElderlyMovies	0
7.1783E+17	Jem and the Stop Hollerin Grams @midnight #ElderlyMovies #hanh	0
7.17828E+17	You've Got Mail, But Not at 4:30AM @MalHo @midnight #ElderlyMovies	0
7.17813E+17	Alice Doesn't Live Here Anymore. We had to put her in a senior home.  @midnight #ElderlyMovies	0
7.17817E+17	No Country for Old Men and Women #ElderlyMovies @midnight	0
7.17797E+17	Cloudy With A Chance of Mothballs #ElderlyMovies @midnight	0
7.17804E+17	Do The Arthritis Thing #ElderlyMovies @midnight	0
7.17797E+17	The Ghost and Mrs. Muir, Who Would Soon Also Be A Ghost  #ElderlyMovies @midnight	0
7.17798E+17	Early Birdman Special #ElderlyMovies @midnight	0
7.17817E+17	@midnight #ElderlyMovies Larry King Kong	0
7.17816E+17	A Fridge Too Far  #ElderlyMovies @midnight	0
7.17796E+17	The Hunger for my youth Games #ElderlyMovies @midnight	0
7.17837E+17	Get off my lawnmower man! #ElderlyMovies @midnight	0
7.1782E+17	Dead Man Speed Walking #ElderlyMovies @midnight	0
7.17821E+17	#elderlymovies @midnight Outbreak... of VD at the Nursing Home	0
7.17821E+17	time for my pills, it's High Noon #ElderlyMovies @midnight	0
7.17836E+17	Ferris Bueller's Day Off To Get His Hip Replaced #ElderlyMovies @midnight	0
7.17798E+17	Retiring To The Place Beyond The Pines #ElderlyMovies @midnight	0
7.17811E+17	The Gang that Couldn't Pee Straight #ElderlyMovies @midnight	0
7.17811E+17	What?... You're Going To Have To Speak Extremely Loud &amp; Incredibly Close #ElderlyMovies @midnight https://t.co/JXfoPml5Zr	0
7.17806E+17	I Still Have Letter From Iwo Jima @midnight #ElderlyMovies	0
7.17812E+17	No Country for...oh no, Grandpa!  @MalHo @midnight #ElderlyMovies	0
7.1782E+17	@midnight #ElderlyMovies Paul Blart Mall Walker	0
7.17814E+17	House Party 4: Bingo til 8 @midnight #ElderlyMovies	0
7.17838E+17	8 1/2 Inches That Just Hang There #ElderlyMovies @midnight	0
7.1781E+17	@midnight Mad Max Furry Ears #ElderlyMovies	0
7.17806E+17	"Extremely Loud and Incredibly Limp ""There Will Be Urine Blood"" ""Milk Duds"" ""The Green Two-Inches"" #ElderlyMovies @midnight"	0
7.17819E+17	#elderlymovies @midnight  North Dallas 80+	0
7.17797E+17	#ElderlyMovies @midnight   Cloudy With a Chance of Nose Hair	0
7.17811E+17	@midnight #ElderlyMovies - Depends Blue Sea	0
7.17804E+17	Nursing Home Alone #ElderlyMovies @midnight	0
7.17819E+17	Theres a storm coming, Mr. Wayne. #ElderlyMovies @midnight @parkrandall https://t.co/v0lieexjI2 https://t.co/PaQt1OL6zA	0
7.17818E+17	The Slow &amp; The Furious #ElderlyMovies @midnight	0
7.17819E+17	I've fallen and I can't get UP #ElderlyMovies @midnight	0
7.17822E+17	The Social Security Network @midnight #ElderlyMovies	0
7.1782E+17	The Dying Game #ElderlyMovies @midnight	0
7.17802E+17	Every Which Way is Blurry #ElderlyMovies @midnight	0
7.17812E+17	@midnight #ElderlyMovies - Let's Turn the Thermostat Up to 90 and Watch Matlock (just a line from Mystery Science Theater)	0
7.17813E+17	Born on the Fourth of July, 1930 @midnight #ElderlyMovies	0
7.17564E+17	Lethargic Weapon #ElderlyMovies @midnight	1
7.17555E+17	Four Funerals and Another Funeral  #ElderlyMovies @midnight	1
7.17564E+17	Pride and Prune Juice #ElderlyMovies @midnight	1
7.17555E+17	It's A Wonderful Life Alert #ElderlyMovies @midnight	1
7.17557E+17	#ElderlyMovies Die Hard of Hearing @midnight	1
7.17568E+17	Denture The Dragon #ElderlyMovies @midnight	1
7.17559E+17	Brittle Women  #ElderlyMovies @midnight	2
7.17599E+17	Legends Of The Fall & Break A Hip #ElderlyMovies @midnight	1
7.17556E+17	Peter Bed Pan #ElderlyMovies @midnight	1
7.17561E+17	Straight Outta Coupons #ElderlyMovies @midnight	1
